{
    "processor": "com.gitlab.vinnystalck.cobblepedia.book.template.DroppingProcessor",
    "components": [
        {
            "type": "patchouli:item",
            "item": "#pokemon_item",
            "framed": true,
            "x": 25
        },
        {
            "type": "patchouli:image",
            "image": "cobblepedia:textures/gui/crafting.png",
            "guard": "#pokemon_item->exists",
            "width": 16,
            "height": 16,
            "u": 62,
            "v": 24,
            "texture_width": 128,
            "texture_height": 256,
            "x": 40
        },
        {
            "type": "patchouli:tooltip",
            "tooltip": [
                "#pokemon_item->iname#은(는) #rate#%의 확률로 #drop_item->iname#를 떨어뜨립니다."
            ],
            "guard": "#rate->exists",
            "width": 40,
            "height": 20,
            "x": 40
        },
        {
            "type": "patchouli:header",
            "text": "#rate#%%",
            "guard": "#rate->exists",
            "x": 63,
            "y": 5
        },
        {
            "type": "patchouli:item",
            "item": "#drop_item",
            "framed": true,
            "x": 75
        }
    ]
}