{
    "processor": "com.gitlab.vinnystalck.cobblepedia.book.template.EvolvingProcessor",
    "components": [
        {
            "type": "patchouli:item",         
            "item": "#pokemon_item",
            "guard": "#holding_item->exists",
            "framed": true,
            "x": 5
        },
        {
            "type": "patchouli:item",
            "item": "#pokemon_item",
            "guard": "#holding_item->exists->inv",
            "framed": true,
            "x": 35
        },
        {
            "type": "patchouli:image",
            "image": "cobblepedia:textures/gui/crafting.png",
            "guard": "#holding_item->exists",
            "width": 16,
            "height": 16,
            "u": 62,
            "v": 24,
            "texture_width": 128,
            "texture_height": 256,
            "x": 20
        },
        {
            "type": "patchouli:tooltip",
            "tooltip": ["#pokemon_item->iname#이(가) #holding_item->iname#을(를) 지니고 있을 때"],
            "guard": "#holding_item->exists",
            "width": 16,
            "height": 16,
            "x": 20
        },
        {
            "type": "patchouli:item",
            "item": "#holding_item",
            "guard": "#holding_item->exists",
            "framed": false,
            "x": 35
        },
        {
            "type": "patchouli:image",
            "image": "cobblepedia:textures/gui/crafting.png",
            "guard": "#using_item->exists",
            "width": 16,
            "height": 16,
            "u": 62,
            "v": 24,
            "texture_width": 128,
            "texture_height": 256,
            "x": 80
        },
        {
            "type": "patchouli:tooltip",
            "tooltip": ["#using_item->iname#을(를) #pokemon_item->iname#에게 사용할 때"],
            "guard": "#using_item->exists",
            "width": 16,
            "height": 16,
            "x": 80
        },
        {
            "type": "patchouli:item",
            "item": "#using_item",
            "guard": "#using_item->exists",
            "framed": false,
            "x": 65
        },
        {
            "type": "patchouli:image",
            "image": "cobblepedia:textures/gui/crafting.png",
            "guard": "#pokemon_item->exists",
            "width": 16,
            "height": 16,
            "u": 62,
            "v": 24,
            "texture_width": 128,
            "texture_height": 256,
            "x": 50
        },
        {
            "type": "patchouli:tooltip",
            "tooltip": [
                "#pokemon_item->iname#은(는) #evolved_pokemon_item->iname#(으)로 진화합니다."
            ],
            "guard": "#pokemon_item->exists",
            "width": 16,
            "height": 16,
            "x": 50
        },
        {
            "type": "patchouli:tooltip",
            "tooltip": [
                "#pokemon_item->iname#은(는) #evolved_pokemon_item->iname#(으)로 진화합니다.",
                "#evolving_tooltip"
            ],
            "guard": "#evolving_tooltip->exists",
            "width": 16,
            "height": 16,
            "x": 50
        },
        {
            "type": "patchouli:item",
            "item": "#evolved_pokemon_item",
            "guard": "#using_item->exists->inv",
            "framed": true,
            "x": 65
        },
        {
            "type": "patchouli:item",
            "item": "#evolved_pokemon_item",
            "guard": "#using_item->exists",
            "framed": true,
            "x": 95
        }
    ]
}